source,condition,ratio,risk_definition,deferral_rate,accepted_error_rate,expected_cost,n,n_accepted,rank
Kermany-test,1,5,four_class_accuracy,0.0,0.0030991735537190084,0.015495867768595042,968,968,1
Kermany-test,2,5,four_class_accuracy,0.0,0.0030991735537190084,0.015495867768595042,968,968,1
Kermany-test,3,5,four_class_accuracy,0.009297520661157025,0.0020855057351407717,0.01962809917355372,968,959,3
Kermany-test,4,5,four_class_accuracy,0.005165289256198347,0.003115264797507788,0.02066115702479339,968,963,6
Kermany-test,5,5,four_class_accuracy,0.009297520661157025,0.0020855057351407717,0.01962809917355372,968,959,3
Kermany-test,B2,5,four_class_accuracy,0.01962809917355372,0.0,0.01962809917355372,968,949,3
Kermany-test,1,10,four_class_accuracy,0.0,0.0030991735537190084,0.030991735537190084,968,968,4
Kermany-test,2,10,four_class_accuracy,0.01859504132231405,0.0,0.01859504132231405,968,950,2
Kermany-test,3,10,four_class_accuracy,0.015495867768595042,0.001049317943336831,0.025826446280991736,968,953,3
Kermany-test,4,10,four_class_accuracy,0.005165289256198347,0.003115264797507788,0.03615702479338843,968,963,5
Kermany-test,5,10,four_class_accuracy,0.01756198347107438,0.0,0.01756198347107438,968,951,1
Kermany-test,B2,10,four_class_accuracy,0.06818181818181818,0.0,0.06818181818181818,968,902,6
Kermany-test,1,20,four_class_accuracy,0.0,0.0030991735537190084,0.06198347107438017,968,968,4
Kermany-test,2,20,four_class_accuracy,0.04855371900826446,0.0,0.04855371900826446,968,921,3
Kermany-test,3,20,four_class_accuracy,0.023760330578512397,0.0,0.023760330578512397,968,945,2
Kermany-test,4,20,four_class_accuracy,0.005165289256198347,0.003115264797507788,0.06714876033057851,968,963,5
Kermany-test,5,20,four_class_accuracy,0.02169421487603306,0.0,0.02169421487603306,968,947,1
Kermany-test,B2,20,four_class_accuracy,0.07644628099173553,0.0,0.07644628099173553,968,894,6
Kermany-test,1,50,four_class_accuracy,0.0,0.0030991735537190084,0.15495867768595042,968,968,4
Kermany-test,2,50,four_class_accuracy,0.18078512396694216,0.0,0.18078512396694216,968,793,6
Kermany-test,3,50,four_class_accuracy,0.03305785123966942,0.0,0.03305785123966942,968,936,1
Kermany-test,4,50,four_class_accuracy,0.005165289256198347,0.003115264797507788,0.16012396694214875,968,963,5
Kermany-test,5,50,four_class_accuracy,0.08471074380165289,0.0,0.08471074380165289,968,886,2
Kermany-test,B2,50,four_class_accuracy,0.11260330578512397,0.0,0.11260330578512397,968,859,3
RETOUCH-Spectralis,1,5,missed_disease,0.0,0.014619883040935672,0.07309941520467836,342,342,1
RETOUCH-Spectralis,2,5,missed_disease,0.0,0.014619883040935672,0.07309941520467836,342,342,1
RETOUCH-Spectralis,3,5,missed_disease,0.06725146198830409,0.009404388714733543,0.1111111111111111,342,319,4
RETOUCH-Spectralis,4,5,missed_disease,0.13157894736842105,0.010101010101010102,0.17543859649122806,342,297,6
RETOUCH-Spectralis,5,5,missed_disease,0.06725146198830409,0.006269592476489028,0.09649122807017543,342,319,3
RETOUCH-Spectralis,B2,5,missed_disease,0.14327485380116958,0.006825938566552901,0.17251461988304093,342,293,5
RETOUCH-Spectralis,1,10,missed_disease,0.0,0.014619883040935672,0.14619883040935672,342,342,1
RETOUCH-Spectralis,2,10,missed_disease,0.25146198830409355,0.00390625,0.2807017543859649,342,256,5
RETOUCH-Spectralis,3,10,missed_disease,0.10526315789473684,0.006535947712418301,0.16374269005847952,342,306,2
RETOUCH-Spectralis,4,10,missed_disease,0.13157894736842105,0.010101010101010102,0.21929824561403508,342,297,4
RETOUCH-Spectralis,5,10,missed_disease,0.16374269005847952,0.0034965034965034965,0.19298245614035087,342,286,3
RETOUCH-Spectralis,B2,10,missed_disease,0.29239766081871343,0.004132231404958678,0.3216374269005848,342,242,6
RETOUCH-Spectralis,1,20,missed_disease,0.0,0.014619883040935672,0.29239766081871343,342,342,3
RETOUCH-Spectralis,2,20,missed_disease,0.3391812865497076,0.0,0.3391812865497076,342,226,5
RETOUCH-Spectralis,3,20,missed_disease,0.16374269005847952,0.0034965034965034965,0.2222222222222222,342,286,1
RETOUCH-Spectralis,4,20,missed_disease,0.13157894736842105,0.010101010101010102,0.30701754385964913,342,297,4
RETOUCH-Spectralis,5,20,missed_disease,0.20175438596491227,0.003663003663003663,0.260233918128655,342,273,2
RETOUCH-Spectralis,B2,20,missed_disease,0.30116959064327486,0.0041841004184100415,0.35964912280701755,342,239,6
RETOUCH-Spectralis,1,50,missed_disease,0.0,0.014619883040935672,0.7309941520467836,342,342,6
RETOUCH-Spectralis,2,50,missed_disease,0.4590643274853801,0.0,0.4590643274853801,342,185,3
RETOUCH-Spectralis,3,50,missed_disease,0.2134502923976608,0.0037174721189591076,0.35964912280701755,342,269,1
RETOUCH-Spectralis,4,50,missed_disease,0.13157894736842105,0.010101010101010102,0.5701754385964912,342,297,5
RETOUCH-Spectralis,5,50,missed_disease,0.3888888888888889,0.0,0.3888888888888889,342,209,2
RETOUCH-Spectralis,B2,50,missed_disease,0.35964912280701755,0.0045662100456621,0.5058479532163743,342,219,4
RETOUCH-Cirrus,1,5,missed_disease,0.0,0.049707602339181284,0.24853801169590642,342,342,2
RETOUCH-Cirrus,2,5,missed_disease,0.0,0.049707602339181284,0.24853801169590642,342,342,2
RETOUCH-Cirrus,3,5,missed_disease,0.08187134502923976,0.03821656050955414,0.2573099415204678,342,314,4
RETOUCH-Cirrus,4,5,missed_disease,0.038011695906432746,0.05167173252279635,0.28654970760233917,342,329,6
RETOUCH-Cirrus,5,5,missed_disease,0.06725146198830409,0.03761755485893417,0.24269005847953215,342,319,1
RETOUCH-Cirrus,B2,5,missed_disease,0.13450292397660818,0.033783783783783786,0.2807017543859649,342,296,5
RETOUCH-Cirrus,1,10,missed_disease,0.0,0.049707602339181284,0.49707602339181284,342,342,5
RETOUCH-Cirrus,2,10,missed_disease,0.07602339181286549,0.03481012658227848,0.39766081871345027,342,316,1
RETOUCH-Cirrus,3,10,missed_disease,0.11403508771929824,0.036303630363036306,0.43567251461988304,342,303,2
RETOUCH-Cirrus,4,10,missed_disease,0.038011695906432746,0.05167173252279635,0.5350877192982456,342,329,6
RETOUCH-Cirrus,5,10,missed_disease,0.0847953216374269,0.038338658146964855,0.43567251461988304,342,313,2
RETOUCH-Cirrus,B2,10,missed_disease,0.22807017543859648,0.03409090909090909,0.49122807017543857,342,264,4
RETOUCH-Cirrus,1,20,missed_disease,0.0,0.049707602339181284,0.9941520467836257,342,342,5
RETOUCH-Cirrus,2,20,missed_disease,0.15497076023391812,0.03460207612456748,0.7397660818713451,342,289,2
RETOUCH-Cirrus,3,20,missed_disease,0.14619883040935672,0.030821917808219176,0.672514619883041,342,292,1
RETOUCH-Cirrus,4,20,missed_disease,0.038011695906432746,0.05167173252279635,1.0321637426900585,342,329,6
RETOUCH-Cirrus,5,20,missed_disease,0.1023391812865497,0.035830618892508145,0.7456140350877193,342,307,3
RETOUCH-Cirrus,B2,20,missed_disease,0.2631578947368421,0.03571428571428571,0.7894736842105263,342,252,4
RETOUCH-Cirrus,1,50,missed_disease,0.0,0.049707602339181284,2.4853801169590644,342,342,5
RETOUCH-Cirrus,2,50,missed_disease,0.21637426900584794,0.026119402985074626,1.239766081871345,342,268,1
RETOUCH-Cirrus,3,50,missed_disease,0.18128654970760233,0.03214285714285714,1.4970760233918128,342,280,3
RETOUCH-Cirrus,4,50,missed_disease,0.038011695906432746,0.05167173252279635,2.5233918128654973,342,329,6
RETOUCH-Cirrus,5,50,missed_disease,0.19298245614035087,0.028985507246376812,1.3625730994152048,342,276,2
RETOUCH-Cirrus,B2,50,missed_disease,0.3216374269005848,0.03879310344827586,1.6374269005847952,342,232,4
RETOUCH-Topcon,1,5,missed_disease,0.0,0.10802469135802469,0.5401234567901234,324,324,2
RETOUCH-Topcon,2,5,missed_disease,0.0,0.10802469135802469,0.5401234567901234,324,324,2
RETOUCH-Topcon,3,5,missed_disease,0.2345679012345679,0.09274193548387097,0.5895061728395061,324,248,5
RETOUCH-Topcon,4,5,missed_disease,0.05555555555555555,0.10457516339869281,0.5493827160493827,324,306,4
RETOUCH-Topcon,5,5,missed_disease,0.07407407407407407,0.1,0.5370370370370371,324,300,1
RETOUCH-Topcon,B2,5,missed_disease,0.2654320987654321,0.08823529411764706,0.5895061728395061,324,238,5
RETOUCH-Topcon,1,10,missed_disease,0.0,0.10802469135802469,1.0802469135802468,324,324,4
RETOUCH-Topcon,2,10,missed_disease,0.0,0.10802469135802469,1.0802469135802468,324,324,4
RETOUCH-Topcon,3,10,missed_disease,0.2932098765432099,0.09606986899563319,0.9722222222222222,324,229,2
RETOUCH-Topcon,4,10,missed_disease,0.05555555555555555,0.10457516339869281,1.0432098765432098,324,306,3
RETOUCH-Topcon,5,10,missed_disease,0.006172839506172839,0.10869565217391304,1.0864197530864197,324,322,6
RETOUCH-Topcon,B2,10,missed_disease,0.404320987654321,0.07772020725388601,0.8672839506172839,324,193,1
RETOUCH-Topcon,1,20,missed_disease,0.0,0.10802469135802469,2.1604938271604937,324,324,4
RETOUCH-Topcon,2,20,missed_disease,0.0,0.10802469135802469,2.1604938271604937,324,324,4
RETOUCH-Topcon,3,20,missed_disease,0.3425925925925926,0.09859154929577464,1.6388888888888888,324,213,2
RETOUCH-Topcon,4,20,missed_disease,0.05555555555555555,0.10457516339869281,2.0308641975308643,324,306,3
RETOUCH-Topcon,5,20,missed_disease,0.018518518518518517,0.11006289308176101,2.1790123456790123,324,318,6
RETOUCH-Topcon,B2,20,missed_disease,0.4166666666666667,0.07936507936507936,1.3425925925925926,324,189,1
RETOUCH-Topcon,1,50,missed_disease,0.0,0.10802469135802469,5.401234567901234,324,324,5
RETOUCH-Topcon,2,50,missed_disease,0.0,0.10802469135802469,5.401234567901234,324,324,5
RETOUCH-Topcon,3,50,missed_disease,0.39197530864197533,0.09644670050761421,3.324074074074074,324,197,2
RETOUCH-Topcon,4,50,missed_disease,0.05555555555555555,0.10457516339869281,4.993827160493828,324,306,4
RETOUCH-Topcon,5,50,missed_disease,0.09876543209876543,0.09931506849315068,4.574074074074074,324,292,3
RETOUCH-Topcon,B2,50,missed_disease,0.4351851851851852,0.07650273224043716,2.595679012345679,324,183,1
Rasti,1,5,four_class_accuracy,0.0,0.21996996996996998,1.09984984984985,1332,1332,5
Rasti,2,5,four_class_accuracy,0.0,0.21996996996996998,1.09984984984985,1332,1332,5
Rasti,3,5,four_class_accuracy,0.18393393393393392,0.1545538178472861,0.8145645645645646,1332,1087,3
Rasti,4,5,four_class_accuracy,0.15840840840840842,0.1534344335414808,0.8040540540540541,1332,1121,2
Rasti,5,5,four_class_accuracy,0.1554054054054054,0.1582222222222222,0.8235735735735735,1332,1125,4
Rasti,B2,5,four_class_accuracy,0.28603603603603606,0.12092534174553102,0.7177177177177178,1332,951,1
Rasti,1,10,four_class_accuracy,0.0,0.21996996996996998,2.1996996996997,1332,1332,6
Rasti,2,10,four_class_accuracy,0.13438438438438438,0.17519514310494363,1.6509009009009008,1332,1153,5
Rasti,3,10,four_class_accuracy,0.27627627627627627,0.12448132780082988,1.177177177177177,1332,964,2
Rasti,4,10,four_class_accuracy,0.15840840840840842,0.1534344335414808,1.4496996996996998,1332,1121,4
Rasti,5,10,four_class_accuracy,0.2132132132132132,0.13072519083969467,1.2417417417417418,1332,1048,3
Rasti,B2,10,four_class_accuracy,0.4466966966966967,0.09497964721845319,0.9722222222222222,1332,737,1
Rasti,1,20,four_class_accuracy,0.0,0.21996996996996998,4.3993993993994,1332,1332,6
Rasti,2,20,four_class_accuracy,0.30180180180180183,0.13118279569892474,2.1336336336336337,1332,930,4
Rasti,3,20,four_class_accuracy,0.3430930930930931,0.10514285714285715,1.7244744744744744,1332,875,2
Rasti,4,20,four_class_accuracy,0.15840840840840842,0.1534344335414808,2.740990990990991,1332,1121,5
Rasti,5,20,four_class_accuracy,0.25375375375375375,0.12575452716297786,2.130630630630631,1332,994,3
Rasti,B2,20,four_class_accuracy,0.4692192192192192,0.0876944837340877,1.40015015015015,1332,707,1
Rasti,1,50,four_class_accuracy,0.0,0.21996996996996998,10.998498498498499,1332,1332,6
Rasti,2,50,four_class_accuracy,0.39714714714714716,0.11581569115815692,3.8881381381381384,1332,803,4
Rasti,3,50,four_class_accuracy,0.41516516516516516,0.08857509627727857,3.005255255255255,1332,779,3
Rasti,4,50,four_class_accuracy,0.15840840840840842,0.1534344335414808,6.614864864864865,1332,1121,5
Rasti,5,50,four_class_accuracy,0.43243243243243246,0.0873015873015873,2.90990990990991,1332,756,2
Rasti,B2,50,four_class_accuracy,0.5232732732732732,0.08818897637795275,2.6253753753753752,1332,635,1
NEH,1,5,four_class_accuracy,0.0,0.19264417068380646,0.9632208534190323,16803,16803,5
NEH,2,5,four_class_accuracy,0.0,0.19264417068380646,0.9632208534190323,16803,16803,5
NEH,3,5,four_class_accuracy,0.2544188537761114,0.1151021711366539,0.6835088972207344,16803,12528,2
NEH,4,5,four_class_accuracy,0.3052431113491638,0.1379989720746959,0.7846217937273106,16803,11674,4
NEH,5,5,four_class_accuracy,0.21835386538118193,0.12897822445561138,0.7224305183598168,16803,13134,3
NEH,B2,5,four_class_accuracy,0.33970124382550737,0.10337990085624155,0.6810093435696006,16803,11095,1
NEH,1,10,four_class_accuracy,0.0,0.19264417068380646,1.9264417068380646,16803,16803,6
NEH,2,10,four_class_accuracy,0.3683865976313753,0.16658814661264487,1.4205796583943344,16803,10613,5
NEH,3,10,four_class_accuracy,0.3426769029339999,0.09787234042553192,0.9860144021900851,16803,11045,2
NEH,4,10,four_class_accuracy,0.3052431113491638,0.1379989720746959,1.2640004761054573,16803,11674,4
NEH,5,10,four_class_accuracy,0.30066059632208536,0.12364905114458344,1.165387133250015,16803,11751,3
NEH,B2,10,four_class_accuracy,0.5423436291138487,0.08361508452535761,0.9250133904659882,16803,7690,1
NEH,1,20,four_class_accuracy,0.0,0.19264417068380646,3.852883413676129,16803,16803,6
NEH,2,20,four_class_accuracy,0.508361602094864,0.15203970463624258,2.003332738201512,16803,8261,4
NEH,3,20,four_class_accuracy,0.4249836338749033,0.08890498861519354,1.447420103552937,16803,9662,2
NEH,4,20,four_class_accuracy,0.3052431113491638,0.1379989720746959,2.222757840861751,16803,11674,5
NEH,5,20,four_class_accuracy,0.3623162530500506,0.11413905739617358,1.8180086889245968,16803,10715,3
NEH,B2,20,four_class_accuracy,0.5671606260786765,0.08112195792657775,1.2694161756829139,16803,7273,1
NEH,1,50,four_class_accuracy,0.0,0.19264417068380646,9.632208534190323,16803,16803,6
NEH,2,50,four_class_accuracy,0.5388323513658275,0.14905149051490515,3.975718621674701,16803,7749,4
NEH,3,50,four_class_accuracy,0.50996845801345,0.08003400534369687,2.470927810510028,16803,8234,2
NEH,4,50,four_class_accuracy,0.3052431113491638,0.1379989720746959,5.099029935130631,16803,11674,5
NEH,5,50,four_class_accuracy,0.5830506457180266,0.10291178989437624,2.7285008629411416,16803,7006,3
NEH,B2,50,four_class_accuracy,0.6232815568648455,0.07614533965244866,2.0575492471582457,16803,6330,1
OCTDL-in-label,1,5,four_class_accuracy,0.0,0.09507523939808482,0.47537619699042405,1462,1462,5
OCTDL-in-label,2,5,four_class_accuracy,0.0,0.09507523939808482,0.47537619699042405,1462,1462,5
OCTDL-in-label,3,5,four_class_accuracy,0.11285909712722299,0.06476484194294525,0.40013679890560877,1462,1297,3
OCTDL-in-label,4,5,four_class_accuracy,0.08002735978112176,0.06171003717472119,0.36388508891928867,1462,1345,1
OCTDL-in-label,5,5,four_class_accuracy,0.08618331053351573,0.0718562874251497,0.41450068399452805,1462,1336,4
OCTDL-in-label,B2,5,four_class_accuracy,0.12243502051983585,0.059236165237724084,0.38235294117647056,1462,1283,2
OCTDL-in-label,1,10,four_class_accuracy,0.0,0.09507523939808482,0.9507523939808481,1462,1462,6
OCTDL-in-label,2,10,four_class_accuracy,0.06155950752393981,0.08527696793002916,0.8618331053351573,1462,1372,5
OCTDL-in-label,3,10,four_class_accuracy,0.1484268125854993,0.0570281124497992,0.63406292749658,1462,1245,2
OCTDL-in-label,4,10,four_class_accuracy,0.08002735978112176,0.06171003717472119,0.6477428180574556,1462,1345,3
OCTDL-in-label,5,10,four_class_accuracy,0.09233926128590972,0.06631499623210249,0.6942544459644323,1462,1327,4
OCTDL-in-label,B2,10,four_class_accuracy,0.22982216142270862,0.0452930728241563,0.5786593707250342,1462,1126,1
OCTDL-in-label,1,20,four_class_accuracy,0.0,0.09507523939808482,1.9015047879616962,1462,1462,6
OCTDL-in-label,2,20,four_class_accuracy,0.14774281805745554,0.0754414125200642,1.4336525307797539,1462,1246,5
OCTDL-in-label,3,20,four_class_accuracy,0.18878248974008208,0.049747048903878585,0.9958960328317373,1462,1186,2
OCTDL-in-label,4,20,four_class_accuracy,0.08002735978112176,0.06171003717472119,1.2154582763337893,1462,1345,4
OCTDL-in-label,5,20,four_class_accuracy,0.11285909712722299,0.058596761757902856,1.152530779753762,1462,1297,3
OCTDL-in-label,B2,20,four_class_accuracy,0.2441860465116279,0.04524886877828054,0.9281805745554036,1462,1105,1
OCTDL-in-label,1,50,four_class_accuracy,0.0,0.09507523939808482,4.75376196990424,1462,1462,6
OCTDL-in-label,2,50,four_class_accuracy,0.179890560875513,0.07422852376980818,3.2236662106703147,1462,1199,5
OCTDL-in-label,3,50,four_class_accuracy,0.23050615595075238,0.044444444444444446,1.9404924760601916,1462,1125,2
OCTDL-in-label,4,50,four_class_accuracy,0.08002735978112176,0.06171003717472119,2.9186046511627906,1462,1345,4
OCTDL-in-label,5,50,four_class_accuracy,0.2079343365253078,0.05094991364421416,2.225718194254446,1462,1158,3
OCTDL-in-label,B2,50,four_class_accuracy,0.27975376196990426,0.042735042735042736,1.8187414500683994,1462,1053,1
OCTDL-ambiguous,1,5,missed_disease,0.0,0.0,0.0,248,248,1
OCTDL-ambiguous,2,5,missed_disease,0.0,0.0,0.0,248,248,1
OCTDL-ambiguous,3,5,missed_disease,0.13709677419354838,0.0,0.13709677419354838,248,214,6
OCTDL-ambiguous,4,5,missed_disease,0.09274193548387097,0.0,0.09274193548387097,248,225,3
OCTDL-ambiguous,5,5,missed_disease,0.0967741935483871,0.0,0.0967741935483871,248,224,4
OCTDL-ambiguous,B2,5,missed_disease,0.12903225806451613,0.0,0.12903225806451613,248,216,5
OCTDL-ambiguous,1,10,missed_disease,0.0,0.0,0.0,248,248,1
OCTDL-ambiguous,2,10,missed_disease,0.020161290322580645,0.0,0.020161290322580645,248,243,2
OCTDL-ambiguous,3,10,missed_disease,0.14919354838709678,0.0,0.14919354838709678,248,211,5
OCTDL-ambiguous,4,10,missed_disease,0.09274193548387097,0.0,0.09274193548387097,248,225,3
OCTDL-ambiguous,5,10,missed_disease,0.10887096774193548,0.0,0.10887096774193548,248,221,4
OCTDL-ambiguous,B2,10,missed_disease,0.20161290322580644,0.0,0.20161290322580644,248,198,6
OCTDL-ambiguous,1,20,missed_disease,0.0,0.0,0.0,248,248,1
OCTDL-ambiguous,2,20,missed_disease,0.056451612903225805,0.0,0.056451612903225805,248,234,2
OCTDL-ambiguous,3,20,missed_disease,0.1693548387096774,0.0,0.1693548387096774,248,206,5
OCTDL-ambiguous,4,20,missed_disease,0.09274193548387097,0.0,0.09274193548387097,248,225,3
OCTDL-ambiguous,5,20,missed_disease,0.12096774193548387,0.0,0.12096774193548387,248,218,4
OCTDL-ambiguous,B2,20,missed_disease,0.2056451612903226,0.0,0.2056451612903226,248,197,6
OCTDL-ambiguous,1,50,missed_disease,0.0,0.0,0.0,248,248,1
OCTDL-ambiguous,2,50,missed_disease,0.0846774193548387,0.0,0.0846774193548387,248,227,2
OCTDL-ambiguous,3,50,missed_disease,0.2056451612903226,0.0,0.2056451612903226,248,197,5
OCTDL-ambiguous,4,50,missed_disease,0.09274193548387097,0.0,0.09274193548387097,248,225,3
OCTDL-ambiguous,5,50,missed_disease,0.16129032258064516,0.0,0.16129032258064516,248,208,4
OCTDL-ambiguous,B2,50,missed_disease,0.23790322580645162,0.0,0.23790322580645162,248,189,6
OCTDL-novel-class,1,5,missed_disease,0.0,0.1977401129943503,0.9887005649717514,354,354,5
OCTDL-novel-class,2,5,missed_disease,0.0,0.1977401129943503,0.9887005649717514,354,354,5
OCTDL-novel-class,3,5,missed_disease,0.3559322033898305,0.16666666666666666,0.8926553672316384,354,228,3
OCTDL-novel-class,4,5,missed_disease,0.288135593220339,0.14285714285714285,0.7966101694915254,354,252,1
OCTDL-novel-class,5,5,missed_disease,0.3050847457627119,0.15853658536585366,0.8559322033898306,354,246,2
OCTDL-novel-class,B2,5,missed_disease,0.3898305084745763,0.17592592592592593,0.9265536723163842,354,216,4
OCTDL-novel-class,1,10,missed_disease,0.0,0.1977401129943503,1.9774011299435028,354,354,6
OCTDL-novel-class,2,10,missed_disease,0.11581920903954802,0.1501597444089457,1.4435028248587571,354,313,5
OCTDL-novel-class,3,10,missed_disease,0.4717514124293785,0.1443850267379679,1.234463276836158,354,187,2
OCTDL-novel-class,4,10,missed_disease,0.288135593220339,0.14285714285714285,1.305084745762712,354,252,3
OCTDL-novel-class,5,10,missed_disease,0.3248587570621469,0.15481171548117154,1.3700564971751412,354,239,4
OCTDL-novel-class,B2,10,missed_disease,0.6497175141242938,0.12903225806451613,1.1016949152542372,354,124,1
OCTDL-novel-class,1,20,missed_disease,0.0,0.1977401129943503,3.9548022598870056,354,354,6
OCTDL-novel-class,2,20,missed_disease,0.2853107344632768,0.11857707509881422,1.9802259887005649,354,253,3
OCTDL-novel-class,3,20,missed_disease,0.5480225988700564,0.15,1.9039548022598871,354,160,2
OCTDL-novel-class,4,20,missed_disease,0.288135593220339,0.14285714285714285,2.3220338983050848,354,252,4
OCTDL-novel-class,5,20,missed_disease,0.384180790960452,0.16055045871559634,2.361581920903955,354,218,5
OCTDL-novel-class,B2,20,missed_disease,0.6610169491525424,0.13333333333333333,1.5649717514124293,354,120,1
OCTDL-novel-class,1,50,missed_disease,0.0,0.1977401129943503,9.887005649717514,354,354,6
OCTDL-novel-class,2,50,missed_disease,0.3361581920903955,0.12340425531914893,4.432203389830509,354,235,4
OCTDL-novel-class,3,50,missed_disease,0.6638418079096046,0.14285714285714285,3.0649717514124295,354,119,2
OCTDL-novel-class,4,50,missed_disease,0.288135593220339,0.14285714285714285,5.372881355932203,354,252,5
OCTDL-novel-class,5,50,missed_disease,0.5423728813559322,0.11728395061728394,3.225988700564972,354,162,3
OCTDL-novel-class,B2,50,missed_disease,0.7288135593220338,0.14583333333333334,2.7062146892655368,354,96,1
