source,condition,risk_definition,n,base_error,augrc_window,augrc_window_x1000,augrc_window_ratio_vs_random,rank_augrc_window,augrc_x1000,rank_augrc
Kermany-test,2,four_class_accuracy,968,0.0030991735537190257,0.0,0.0,0.0,1,0.02828102588620987,2
Kermany-test,3,four_class_accuracy,968,0.0030991735537190257,0.0,0.0,0.0,1,0.03148265145823352,3
Kermany-test,4,four_class_accuracy,968,0.0030991735537190257,0.0024922118380114266,2.4922118380114267,1.0051921079979365,2,1.5575908407911703,5
Kermany-test,5,four_class_accuracy,968,0.0030991735537190257,0.0,0.0,0.0,1,0.03254985998224149,4
Kermany-test,B2,four_class_accuracy,968,0.0030991735537190257,0.0,0.0,0.0,1,0.01120568950208314,1
RETOUCH-Spectralis,2,missed_disease,342,0.014619883040935644,0.007023528607092777,7.023528607092778,0.6005116959064336,3,2.9282514277897453,3
RETOUCH-Spectralis,3,missed_disease,342,0.014619883040935644,0.0031932902431517384,3.1932902431517385,0.2730263157894741,1,2.321227044218734,2
RETOUCH-Spectralis,4,missed_disease,342,0.014619883040935644,0.008180279246760038,8.180279246760039,0.6994138755979845,4,5.390547518894289,5
RETOUCH-Spectralis,5,missed_disease,342,0.014619883040935644,0.0031932902431517384,3.1932902431517385,0.2730263157894741,1,1.88519544475223,1
RETOUCH-Spectralis,B2,missed_disease,342,0.014619883040935644,0.004958790739030834,4.958790739030834,0.4239766081871371,2,3.2403132587805135,4
RETOUCH-Cirrus,2,missed_disease,342,0.049707602339181256,0.02325501863821346,23.25501863821346,0.5847953216374271,2,15.273930440135427,2
RETOUCH-Cirrus,3,missed_disease,342,0.049707602339181256,0.027110905919770185,27.110905919770186,0.681759545923633,3,19.48035292910639,3
RETOUCH-Cirrus,4,missed_disease,342,0.049707602339181256,0.04133738601823925,41.33738601823925,1.0395136778116052,5,25.798536301768657,5
RETOUCH-Cirrus,5,missed_disease,342,0.049707602339181256,0.02255822304298758,22.55822304298758,0.5672729618163057,1,13.025375329161111,1
RETOUCH-Cirrus,B2,missed_disease,342,0.049707602339181256,0.027807701514996896,27.807701514996896,0.6992819057447753,4,20.39516432406611,4
RETOUCH-Topcon,2,missed_disease,324,0.10802469135802473,0.06902053802773968,69.02053802773968,0.7986662257495588,1,39.83291418991007,2
RETOUCH-Topcon,3,missed_disease,324,0.10802469135802473,0.0764127038561195,76.41270385611949,0.8842041446208109,4,41.09987044657826,3
RETOUCH-Topcon,4,missed_disease,324,0.10802469135802473,0.08366013071895403,83.66013071895404,0.9680672268907534,5,52.38340192043887,4
RETOUCH-Topcon,5,missed_disease,324,0.10802469135802473,0.07607929431489102,76.07929431489102,0.8803461199294529,3,60.37094192958389,5
RETOUCH-Topcon,B2,missed_disease,324,0.10802469135802473,0.07251181222374567,72.51181222374566,0.8390652557319138,2,38.766003657978494,1
Rasti,2,four_class_accuracy,1332,0.21996996996996998,0.12729875145415687,127.29875145415687,0.7233871029732803,5,65.83413368323278,4
Rasti,3,four_class_accuracy,1332,0.21996996996996998,0.11871308245182119,118.7130824518212,0.674598233045332,2,59.394980566151744,1
Rasti,4,four_class_accuracy,1332,0.21996996996996998,0.12601109665354082,126.01109665354082,0.716069883713807,4,81.55593656720069,5
Rasti,5,four_class_accuracy,1332,0.21996996996996998,0.11355837819801783,113.55837819801782,0.645306142319794,1,62.432646610574544,2
Rasti,B2,four_class_accuracy,1332,0.21996996996996998,0.12046567964360672,120.46567964360672,0.6845575310805636,3,65.00813876939932,3
NEH,2,four_class_accuracy,16803,0.19264417068380646,0.14132604180148822,141.32604180148823,0.9170147823565055,5,83.74406655468638,5
NEH,3,four_class_accuracy,16803,0.19264417068380646,0.10461341677674374,104.61341677674373,0.6787995219723606,2,57.03823530519103,1
NEH,4,four_class_accuracy,16803,0.19264417068380646,0.12965153442269928,129.65153442269929,0.8412630262992802,4,77.63299105660377,4
NEH,5,four_class_accuracy,16803,0.19264417068380646,0.11175191194199631,111.75191194199631,0.7251186964633008,3,66.69828767119526,3
NEH,B2,four_class_accuracy,16803,0.19264417068380646,0.10457480129978701,104.57480129978701,0.6785489597776958,1,57.93540458402877,2
OCTDL-in-label,2,four_class_accuracy,1462,0.09507523939808482,0.05646299973239064,56.46299973239064,0.7423462734600279,5,28.98017445135405,4
OCTDL-in-label,3,four_class_accuracy,1462,0.09507523939808482,0.039522485735298804,39.5224857352988,0.5196211703687665,1,21.155408048117334,1
OCTDL-in-label,4,four_class_accuracy,1462,0.09507523939808482,0.04944633622380095,49.44633622380095,0.6500948161798289,4,32.47780994496119,5
OCTDL-in-label,5,four_class_accuracy,1462,0.09507523939808482,0.04153863212322756,41.53863212322756,0.5461284187424342,3,23.929281889958283,3
OCTDL-in-label,B2,four_class_accuracy,1462,0.09507523939808482,0.039851383240921995,39.851383240922,0.5239453444085247,2,23.78845948712856,2
OCTDL-ambiguous,2,missed_disease,248,0.0,0.0,0.0,undefined (0 errors),,0.0,1
OCTDL-ambiguous,3,missed_disease,248,0.0,0.0,0.0,undefined (0 errors),,0.0,1
OCTDL-ambiguous,4,missed_disease,248,0.0,0.0,0.0,undefined (0 errors),,0.0,1
OCTDL-ambiguous,5,missed_disease,248,0.0,0.0,0.0,undefined (0 errors),,0.0,1
OCTDL-ambiguous,B2,missed_disease,248,0.0,0.0,0.0,undefined (0 errors),,0.0,1
OCTDL-novel-class,2,missed_disease,354,0.19774011299435024,0.1067261961760669,106.7261961760669,0.6746620258272802,1,65.37872258929427,1
OCTDL-novel-class,3,missed_disease,354,0.19774011299435024,0.13998531711832485,139.98531711832484,0.8849071832122679,4,82.31191547767244,4
OCTDL-novel-class,4,missed_disease,354,0.19774011299435024,0.13176924956478184,131.76924956478183,0.8329698990345138,3,80.4685754412827,3
OCTDL-novel-class,5,missed_disease,354,0.19774011299435024,0.13044224201219318,130.4422420121932,0.8245813155770784,2,79.28756104567653,2
OCTDL-novel-class,B2,missed_disease,354,0.19774011299435024,0.15131587347186312,151.3158734718631,0.9565324858757063,5,88.87532318299337,5
