source,condition,true_state,predicted_state,count,row_pct
Kermany-test,1,Disease,Disease,726,100.0
Kermany-test,1,Disease,Normal,0,0.0
Kermany-test,1,Disease,deferred,0,0.0
Kermany-test,1,Normal,Disease,0,0.0
Kermany-test,1,Normal,Normal,242,100.0
Kermany-test,1,Normal,deferred,0,0.0
Kermany-test,2,Disease,Disease,682,93.94
Kermany-test,2,Disease,Normal,0,0.0
Kermany-test,2,Disease,deferred,44,6.06
Kermany-test,2,Normal,Disease,0,0.0
Kermany-test,2,Normal,Normal,239,98.76
Kermany-test,2,Normal,deferred,3,1.24
Kermany-test,3,Disease,Disease,705,97.11
Kermany-test,3,Disease,Normal,0,0.0
Kermany-test,3,Disease,deferred,21,2.89
Kermany-test,3,Normal,Disease,0,0.0
Kermany-test,3,Normal,Normal,240,99.17
Kermany-test,3,Normal,deferred,2,0.83
Kermany-test,4,Disease,Disease,723,99.59
Kermany-test,4,Disease,Normal,0,0.0
Kermany-test,4,Disease,deferred,3,0.41
Kermany-test,4,Normal,Disease,0,0.0
Kermany-test,4,Normal,Normal,240,99.17
Kermany-test,4,Normal,deferred,2,0.83
Kermany-test,5,Disease,Disease,707,97.38
Kermany-test,5,Disease,Normal,0,0.0
Kermany-test,5,Disease,deferred,19,2.62
Kermany-test,5,Normal,Disease,0,0.0
Kermany-test,5,Normal,Normal,240,99.17
Kermany-test,5,Normal,deferred,2,0.83
Kermany-test,B2,Disease,Disease,654,90.08
Kermany-test,B2,Disease,Normal,0,0.0
Kermany-test,B2,Disease,deferred,72,9.92
Kermany-test,B2,Normal,Disease,0,0.0
Kermany-test,B2,Normal,Normal,240,99.17
Kermany-test,B2,Normal,deferred,2,0.83
Rasti,1,Disease,Disease,740,83.9
Rasti,1,Disease,Normal,142,16.1
Rasti,1,Disease,deferred,0,0.0
Rasti,1,Normal,Disease,27,6.0
Rasti,1,Normal,Normal,423,94.0
Rasti,1,Normal,deferred,0,0.0
Rasti,2,Disease,Disease,596,67.57
Rasti,2,Disease,Normal,56,6.35
Rasti,2,Disease,deferred,230,26.08
Rasti,2,Normal,Disease,25,5.56
Rasti,2,Normal,Normal,253,56.22
Rasti,2,Normal,deferred,172,38.22
Rasti,3,Disease,Disease,490,55.56
Rasti,3,Disease,Normal,61,6.92
Rasti,3,Disease,deferred,331,37.53
Rasti,3,Normal,Disease,10,2.22
Rasti,3,Normal,Normal,314,69.78
Rasti,3,Normal,deferred,126,28.0
Rasti,4,Disease,Disease,618,70.07
Rasti,4,Disease,Normal,96,10.88
Rasti,4,Disease,deferred,168,19.05
Rasti,4,Normal,Disease,27,6.0
Rasti,4,Normal,Normal,380,84.44
Rasti,4,Normal,deferred,43,9.56
Rasti,5,Disease,Disease,558,63.27
Rasti,5,Disease,Normal,68,7.71
Rasti,5,Disease,deferred,256,29.02
Rasti,5,Normal,Disease,19,4.22
Rasti,5,Normal,Normal,349,77.56
Rasti,5,Normal,deferred,82,18.22
Rasti,B2,Disease,Disease,398,45.12
Rasti,B2,Disease,Normal,40,4.54
Rasti,B2,Disease,deferred,444,50.34
Rasti,B2,Normal,Disease,0,0.0
Rasti,B2,Normal,Normal,269,59.78
Rasti,B2,Normal,deferred,181,40.22
NEH,1,Disease,Disease,7007,85.18
NEH,1,Disease,Normal,1219,14.82
NEH,1,Disease,deferred,0,0.0
NEH,1,Normal,Disease,816,9.51
NEH,1,Normal,Normal,7761,90.49
NEH,1,Normal,deferred,0,0.0
NEH,2,Disease,Disease,5405,65.71
NEH,2,Disease,Normal,281,3.42
NEH,2,Disease,deferred,2540,30.88
NEH,2,Normal,Disease,304,3.54
NEH,2,Normal,Normal,2271,26.48
NEH,2,Normal,deferred,6002,69.98
NEH,3,Disease,Disease,4344,52.81
NEH,3,Disease,Normal,450,5.47
NEH,3,Disease,deferred,3432,41.72
NEH,3,Normal,Disease,43,0.5
NEH,3,Normal,Normal,4825,56.26
NEH,3,Normal,deferred,3709,43.24
NEH,4,Disease,Disease,6142,74.67
NEH,4,Disease,Normal,623,7.57
NEH,4,Disease,deferred,1461,17.76
NEH,4,Normal,Disease,363,4.23
NEH,4,Normal,Normal,4546,53.0
NEH,4,Normal,deferred,3668,42.77
NEH,5,Disease,Disease,5333,64.83
NEH,5,Disease,Normal,473,5.75
NEH,5,Disease,deferred,2420,29.42
NEH,5,Normal,Disease,179,2.09
NEH,5,Normal,Normal,4730,55.15
NEH,5,Normal,deferred,3668,42.77
NEH,B2,Disease,Disease,3870,47.05
NEH,B2,Disease,Normal,230,2.8
NEH,B2,Disease,deferred,4126,50.16
NEH,B2,Normal,Disease,33,0.38
NEH,B2,Normal,Normal,3141,36.62
NEH,B2,Normal,deferred,5403,62.99
OCTDL-in-label,1,Disease,Disease,1110,98.23
OCTDL-in-label,1,Disease,Normal,20,1.77
OCTDL-in-label,1,Disease,deferred,0,0.0
OCTDL-in-label,1,Normal,Disease,7,2.11
OCTDL-in-label,1,Normal,Normal,325,97.89
OCTDL-in-label,1,Normal,deferred,0,0.0
OCTDL-in-label,2,Disease,Disease,1017,90.0
OCTDL-in-label,2,Disease,Normal,12,1.06
OCTDL-in-label,2,Disease,deferred,101,8.94
OCTDL-in-label,2,Normal,Disease,3,0.9
OCTDL-in-label,2,Normal,Normal,214,64.46
OCTDL-in-label,2,Normal,deferred,115,34.64
OCTDL-in-label,3,Disease,Disease,891,78.85
OCTDL-in-label,3,Disease,Normal,12,1.06
OCTDL-in-label,3,Disease,deferred,227,20.09
OCTDL-in-label,3,Normal,Disease,0,0.0
OCTDL-in-label,3,Normal,Normal,283,85.24
OCTDL-in-label,3,Normal,deferred,49,14.76
OCTDL-in-label,4,Disease,Disease,1030,91.15
OCTDL-in-label,4,Disease,Normal,13,1.15
OCTDL-in-label,4,Disease,deferred,87,7.7
OCTDL-in-label,4,Normal,Disease,7,2.11
OCTDL-in-label,4,Normal,Normal,295,88.86
OCTDL-in-label,4,Normal,deferred,30,9.04
OCTDL-in-label,5,Disease,Disease,985,87.17
OCTDL-in-label,5,Disease,Normal,12,1.06
OCTDL-in-label,5,Disease,deferred,133,11.77
OCTDL-in-label,5,Normal,Disease,1,0.3
OCTDL-in-label,5,Normal,Normal,299,90.06
OCTDL-in-label,5,Normal,deferred,32,9.64
OCTDL-in-label,B2,Disease,Disease,830,73.45
OCTDL-in-label,B2,Disease,Normal,10,0.88
OCTDL-in-label,B2,Disease,deferred,290,25.66
OCTDL-in-label,B2,Normal,Disease,0,0.0
OCTDL-in-label,B2,Normal,Normal,265,79.82
OCTDL-in-label,B2,Normal,deferred,67,20.18
