source,condition,true_class,predicted_class,count,row_pct
Kermany-test,1,CNV,CNV,242,100.0
Kermany-test,1,CNV,DME,0,0.0
Kermany-test,1,CNV,DRUSEN,0,0.0
Kermany-test,1,CNV,NORMAL,0,0.0
Kermany-test,1,CNV,deferred,0,0.0
Kermany-test,1,DME,CNV,0,0.0
Kermany-test,1,DME,DME,242,100.0
Kermany-test,1,DME,DRUSEN,0,0.0
Kermany-test,1,DME,NORMAL,0,0.0
Kermany-test,1,DME,deferred,0,0.0
Kermany-test,1,DRUSEN,CNV,3,1.24
Kermany-test,1,DRUSEN,DME,0,0.0
Kermany-test,1,DRUSEN,DRUSEN,239,98.76
Kermany-test,1,DRUSEN,NORMAL,0,0.0
Kermany-test,1,DRUSEN,deferred,0,0.0
Kermany-test,1,NORMAL,CNV,0,0.0
Kermany-test,1,NORMAL,DME,0,0.0
Kermany-test,1,NORMAL,DRUSEN,0,0.0
Kermany-test,1,NORMAL,NORMAL,242,100.0
Kermany-test,1,NORMAL,deferred,0,0.0
Kermany-test,2,CNV,CNV,224,92.56
Kermany-test,2,CNV,DME,0,0.0
Kermany-test,2,CNV,DRUSEN,0,0.0
Kermany-test,2,CNV,NORMAL,0,0.0
Kermany-test,2,CNV,deferred,18,7.44
Kermany-test,2,DME,CNV,0,0.0
Kermany-test,2,DME,DME,222,91.74
Kermany-test,2,DME,DRUSEN,0,0.0
Kermany-test,2,DME,NORMAL,0,0.0
Kermany-test,2,DME,deferred,20,8.26
Kermany-test,2,DRUSEN,CNV,0,0.0
Kermany-test,2,DRUSEN,DME,0,0.0
Kermany-test,2,DRUSEN,DRUSEN,236,97.52
Kermany-test,2,DRUSEN,NORMAL,0,0.0
Kermany-test,2,DRUSEN,deferred,6,2.48
Kermany-test,2,NORMAL,CNV,0,0.0
Kermany-test,2,NORMAL,DME,0,0.0
Kermany-test,2,NORMAL,DRUSEN,0,0.0
Kermany-test,2,NORMAL,NORMAL,239,98.76
Kermany-test,2,NORMAL,deferred,3,1.24
Kermany-test,3,CNV,CNV,241,99.59
Kermany-test,3,CNV,DME,0,0.0
Kermany-test,3,CNV,DRUSEN,0,0.0
Kermany-test,3,CNV,NORMAL,0,0.0
Kermany-test,3,CNV,deferred,1,0.41
Kermany-test,3,DME,CNV,0,0.0
Kermany-test,3,DME,DME,233,96.28
Kermany-test,3,DME,DRUSEN,0,0.0
Kermany-test,3,DME,NORMAL,0,0.0
Kermany-test,3,DME,deferred,9,3.72
Kermany-test,3,DRUSEN,CNV,0,0.0
Kermany-test,3,DRUSEN,DME,0,0.0
Kermany-test,3,DRUSEN,DRUSEN,231,95.45
Kermany-test,3,DRUSEN,NORMAL,0,0.0
Kermany-test,3,DRUSEN,deferred,11,4.55
Kermany-test,3,NORMAL,CNV,0,0.0
Kermany-test,3,NORMAL,DME,0,0.0
Kermany-test,3,NORMAL,DRUSEN,0,0.0
Kermany-test,3,NORMAL,NORMAL,240,99.17
Kermany-test,3,NORMAL,deferred,2,0.83
Kermany-test,4,CNV,CNV,242,100.0
Kermany-test,4,CNV,DME,0,0.0
Kermany-test,4,CNV,DRUSEN,0,0.0
Kermany-test,4,CNV,NORMAL,0,0.0
Kermany-test,4,CNV,deferred,0,0.0
Kermany-test,4,DME,CNV,0,0.0
Kermany-test,4,DME,DME,239,98.76
Kermany-test,4,DME,DRUSEN,0,0.0
Kermany-test,4,DME,NORMAL,0,0.0
Kermany-test,4,DME,deferred,3,1.24
Kermany-test,4,DRUSEN,CNV,3,1.24
Kermany-test,4,DRUSEN,DME,0,0.0
Kermany-test,4,DRUSEN,DRUSEN,239,98.76
Kermany-test,4,DRUSEN,NORMAL,0,0.0
Kermany-test,4,DRUSEN,deferred,0,0.0
Kermany-test,4,NORMAL,CNV,0,0.0
Kermany-test,4,NORMAL,DME,0,0.0
Kermany-test,4,NORMAL,DRUSEN,0,0.0
Kermany-test,4,NORMAL,NORMAL,240,99.17
Kermany-test,4,NORMAL,deferred,2,0.83
Kermany-test,5,CNV,CNV,239,98.76
Kermany-test,5,CNV,DME,0,0.0
Kermany-test,5,CNV,DRUSEN,0,0.0
Kermany-test,5,CNV,NORMAL,0,0.0
Kermany-test,5,CNV,deferred,3,1.24
Kermany-test,5,DME,CNV,0,0.0
Kermany-test,5,DME,DME,234,96.69
Kermany-test,5,DME,DRUSEN,0,0.0
Kermany-test,5,DME,NORMAL,0,0.0
Kermany-test,5,DME,deferred,8,3.31
Kermany-test,5,DRUSEN,CNV,0,0.0
Kermany-test,5,DRUSEN,DME,0,0.0
Kermany-test,5,DRUSEN,DRUSEN,234,96.69
Kermany-test,5,DRUSEN,NORMAL,0,0.0
Kermany-test,5,DRUSEN,deferred,8,3.31
Kermany-test,5,NORMAL,CNV,0,0.0
Kermany-test,5,NORMAL,DME,0,0.0
Kermany-test,5,NORMAL,DRUSEN,0,0.0
Kermany-test,5,NORMAL,NORMAL,240,99.17
Kermany-test,5,NORMAL,deferred,2,0.83
Kermany-test,B2,CNV,CNV,241,99.59
Kermany-test,B2,CNV,DME,0,0.0
Kermany-test,B2,CNV,DRUSEN,0,0.0
Kermany-test,B2,CNV,NORMAL,0,0.0
Kermany-test,B2,CNV,deferred,1,0.41
Kermany-test,B2,DME,CNV,0,0.0
Kermany-test,B2,DME,DME,209,86.36
Kermany-test,B2,DME,DRUSEN,0,0.0
Kermany-test,B2,DME,NORMAL,0,0.0
Kermany-test,B2,DME,deferred,33,13.64
Kermany-test,B2,DRUSEN,CNV,0,0.0
Kermany-test,B2,DRUSEN,DME,0,0.0
Kermany-test,B2,DRUSEN,DRUSEN,204,84.3
Kermany-test,B2,DRUSEN,NORMAL,0,0.0
Kermany-test,B2,DRUSEN,deferred,38,15.7
Kermany-test,B2,NORMAL,CNV,0,0.0
Kermany-test,B2,NORMAL,DME,0,0.0
Kermany-test,B2,NORMAL,DRUSEN,0,0.0
Kermany-test,B2,NORMAL,NORMAL,240,99.17
Kermany-test,B2,NORMAL,deferred,2,0.83
Rasti,1,CNV,CNV,0,
Rasti,1,CNV,DME,0,
Rasti,1,CNV,DRUSEN,0,
Rasti,1,CNV,NORMAL,0,
Rasti,1,CNV,deferred,0,
Rasti,1,DME,CNV,8,1.78
Rasti,1,DME,DME,421,93.56
Rasti,1,DME,DRUSEN,1,0.22
Rasti,1,DME,NORMAL,20,4.44
Rasti,1,DME,deferred,0,0.0
Rasti,1,DRUSEN,CNV,76,17.59
Rasti,1,DRUSEN,DME,39,9.03
Rasti,1,DRUSEN,DRUSEN,195,45.14
Rasti,1,DRUSEN,NORMAL,122,28.24
Rasti,1,DRUSEN,deferred,0,0.0
Rasti,1,NORMAL,CNV,0,0.0
Rasti,1,NORMAL,DME,27,6.0
Rasti,1,NORMAL,DRUSEN,0,0.0
Rasti,1,NORMAL,NORMAL,423,94.0
Rasti,1,NORMAL,deferred,0,0.0
Rasti,2,CNV,CNV,0,
Rasti,2,CNV,DME,0,
Rasti,2,CNV,DRUSEN,0,
Rasti,2,CNV,NORMAL,0,
Rasti,2,CNV,deferred,0,
Rasti,2,DME,CNV,0,0.0
Rasti,2,DME,DME,409,90.89
Rasti,2,DME,DRUSEN,0,0.0
Rasti,2,DME,NORMAL,8,1.78
Rasti,2,DME,deferred,33,7.33
Rasti,2,DRUSEN,CNV,27,6.25
Rasti,2,DRUSEN,DME,14,3.24
Rasti,2,DRUSEN,DRUSEN,146,33.8
Rasti,2,DRUSEN,NORMAL,48,11.11
Rasti,2,DRUSEN,deferred,197,45.6
Rasti,2,NORMAL,CNV,0,0.0
Rasti,2,NORMAL,DME,25,5.56
Rasti,2,NORMAL,DRUSEN,0,0.0
Rasti,2,NORMAL,NORMAL,253,56.22
Rasti,2,NORMAL,deferred,172,38.22
Rasti,3,CNV,CNV,0,
Rasti,3,CNV,DME,0,
Rasti,3,CNV,DRUSEN,0,
Rasti,3,CNV,NORMAL,0,
Rasti,3,CNV,deferred,0,
Rasti,3,DME,CNV,0,0.0
Rasti,3,DME,DME,390,86.67
Rasti,3,DME,DRUSEN,0,0.0
Rasti,3,DME,NORMAL,3,0.67
Rasti,3,DME,deferred,57,12.67
Rasti,3,DRUSEN,CNV,17,3.94
Rasti,3,DRUSEN,DME,4,0.93
Rasti,3,DRUSEN,DRUSEN,79,18.29
Rasti,3,DRUSEN,NORMAL,58,13.43
Rasti,3,DRUSEN,deferred,274,63.43
Rasti,3,NORMAL,CNV,0,0.0
Rasti,3,NORMAL,DME,10,2.22
Rasti,3,NORMAL,DRUSEN,0,0.0
Rasti,3,NORMAL,NORMAL,314,69.78
Rasti,3,NORMAL,deferred,126,28.0
Rasti,4,CNV,CNV,0,
Rasti,4,CNV,DME,0,
Rasti,4,CNV,DRUSEN,0,
Rasti,4,CNV,NORMAL,0,
Rasti,4,CNV,deferred,0,
Rasti,4,DME,CNV,3,0.67
Rasti,4,DME,DME,418,92.89
Rasti,4,DME,DRUSEN,0,0.0
Rasti,4,DME,NORMAL,14,3.11
Rasti,4,DME,deferred,15,3.33
Rasti,4,DRUSEN,CNV,29,6.71
Rasti,4,DRUSEN,DME,17,3.94
Rasti,4,DRUSEN,DRUSEN,151,34.95
Rasti,4,DRUSEN,NORMAL,82,18.98
Rasti,4,DRUSEN,deferred,153,35.42
Rasti,4,NORMAL,CNV,0,0.0
Rasti,4,NORMAL,DME,27,6.0
Rasti,4,NORMAL,DRUSEN,0,0.0
Rasti,4,NORMAL,NORMAL,380,84.44
Rasti,4,NORMAL,deferred,43,9.56
Rasti,5,CNV,CNV,0,
Rasti,5,CNV,DME,0,
Rasti,5,CNV,DRUSEN,0,
Rasti,5,CNV,NORMAL,0,
Rasti,5,CNV,deferred,0,
Rasti,5,DME,CNV,3,0.67
Rasti,5,DME,DME,406,90.22
Rasti,5,DME,DRUSEN,0,0.0
Rasti,5,DME,NORMAL,6,1.33
Rasti,5,DME,deferred,35,7.78
Rasti,5,DRUSEN,CNV,25,5.79
Rasti,5,DRUSEN,DME,10,2.31
Rasti,5,DRUSEN,DRUSEN,114,26.39
Rasti,5,DRUSEN,NORMAL,62,14.35
Rasti,5,DRUSEN,deferred,221,51.16
Rasti,5,NORMAL,CNV,0,0.0
Rasti,5,NORMAL,DME,19,4.22
Rasti,5,NORMAL,DRUSEN,0,0.0
Rasti,5,NORMAL,NORMAL,349,77.56
Rasti,5,NORMAL,deferred,82,18.22
Rasti,B2,CNV,CNV,0,
Rasti,B2,CNV,DME,0,
Rasti,B2,CNV,DRUSEN,0,
Rasti,B2,CNV,NORMAL,0,
Rasti,B2,CNV,deferred,0,
Rasti,B2,DME,CNV,1,0.22
Rasti,B2,DME,DME,333,74.0
Rasti,B2,DME,DRUSEN,0,0.0
Rasti,B2,DME,NORMAL,0,0.0
Rasti,B2,DME,deferred,116,25.78
Rasti,B2,DRUSEN,CNV,19,4.4
Rasti,B2,DRUSEN,DME,2,0.46
Rasti,B2,DRUSEN,DRUSEN,43,9.95
Rasti,B2,DRUSEN,NORMAL,40,9.26
Rasti,B2,DRUSEN,deferred,328,75.93
Rasti,B2,NORMAL,CNV,0,0.0
Rasti,B2,NORMAL,DME,0,0.0
Rasti,B2,NORMAL,DRUSEN,0,0.0
Rasti,B2,NORMAL,NORMAL,269,59.78
Rasti,B2,NORMAL,deferred,181,40.22
NEH,1,CNV,CNV,3009,93.04
NEH,1,CNV,DME,66,2.04
NEH,1,CNV,DRUSEN,87,2.69
NEH,1,CNV,NORMAL,72,2.23
NEH,1,CNV,deferred,0,0.0
NEH,1,DME,CNV,0,
NEH,1,DME,DME,0,
NEH,1,DME,DRUSEN,0,
NEH,1,DME,NORMAL,0,
NEH,1,DME,deferred,0,
NEH,1,DRUSEN,CNV,987,19.77
NEH,1,DRUSEN,DME,62,1.24
NEH,1,DRUSEN,DRUSEN,2796,56.01
NEH,1,DRUSEN,NORMAL,1147,22.98
NEH,1,DRUSEN,deferred,0,0.0
NEH,1,NORMAL,CNV,224,2.61
NEH,1,NORMAL,DME,283,3.3
NEH,1,NORMAL,DRUSEN,309,3.6
NEH,1,NORMAL,NORMAL,7761,90.49
NEH,1,NORMAL,deferred,0,0.0
NEH,2,CNV,CNV,2682,82.93
NEH,2,CNV,DME,45,1.39
NEH,2,CNV,DRUSEN,50,1.55
NEH,2,CNV,NORMAL,13,0.4
NEH,2,CNV,deferred,444,13.73
NEH,2,DME,CNV,0,
NEH,2,DME,DME,0,
NEH,2,DME,DRUSEN,0,
NEH,2,DME,NORMAL,0,
NEH,2,DME,deferred,0,
NEH,2,DRUSEN,CNV,545,10.92
NEH,2,DRUSEN,DME,31,0.62
NEH,2,DRUSEN,DRUSEN,2052,41.11
NEH,2,DRUSEN,NORMAL,268,5.37
NEH,2,DRUSEN,deferred,2096,41.99
NEH,2,NORMAL,CNV,48,0.56
NEH,2,NORMAL,DME,165,1.92
NEH,2,NORMAL,DRUSEN,91,1.06
NEH,2,NORMAL,NORMAL,2271,26.48
NEH,2,NORMAL,deferred,6002,69.98
NEH,3,CNV,CNV,2694,83.3
NEH,3,CNV,DME,16,0.49
NEH,3,CNV,DRUSEN,15,0.46
NEH,3,CNV,NORMAL,18,0.56
NEH,3,CNV,deferred,491,15.18
NEH,3,DME,CNV,0,
NEH,3,DME,DME,0,
NEH,3,DME,DRUSEN,0,
NEH,3,DME,NORMAL,0,
NEH,3,DME,deferred,0,
NEH,3,DRUSEN,CNV,331,6.63
NEH,3,DRUSEN,DME,4,0.08
NEH,3,DRUSEN,DRUSEN,1284,25.72
NEH,3,DRUSEN,NORMAL,432,8.65
NEH,3,DRUSEN,deferred,2941,58.91
NEH,3,NORMAL,CNV,15,0.17
NEH,3,NORMAL,DME,13,0.15
NEH,3,NORMAL,DRUSEN,15,0.17
NEH,3,NORMAL,NORMAL,4825,56.26
NEH,3,NORMAL,deferred,3709,43.24
NEH,4,CNV,CNV,2811,86.92
NEH,4,CNV,DME,53,1.64
NEH,4,CNV,DRUSEN,75,2.32
NEH,4,CNV,NORMAL,37,1.14
NEH,4,CNV,deferred,258,7.98
NEH,4,DME,CNV,0,
NEH,4,DME,DME,0,
NEH,4,DME,DRUSEN,0,
NEH,4,DME,NORMAL,0,
NEH,4,DME,deferred,0,
NEH,4,DRUSEN,CNV,485,9.72
NEH,4,DRUSEN,DME,12,0.24
NEH,4,DRUSEN,DRUSEN,2706,54.21
NEH,4,DRUSEN,NORMAL,586,11.74
NEH,4,DRUSEN,deferred,1203,24.1
NEH,4,NORMAL,CNV,63,0.73
NEH,4,NORMAL,DME,80,0.93
NEH,4,NORMAL,DRUSEN,220,2.56
NEH,4,NORMAL,NORMAL,4546,53.0
NEH,4,NORMAL,deferred,3668,42.77
NEH,5,CNV,CNV,2838,87.76
NEH,5,CNV,DME,39,1.21
NEH,5,CNV,DRUSEN,36,1.11
NEH,5,CNV,NORMAL,17,0.53
NEH,5,CNV,deferred,304,9.4
NEH,5,DME,CNV,0,
NEH,5,DME,DME,0,
NEH,5,DME,DRUSEN,0,
NEH,5,DME,NORMAL,0,
NEH,5,DME,deferred,0,
NEH,5,DRUSEN,CNV,484,9.7
NEH,5,DRUSEN,DME,12,0.24
NEH,5,DRUSEN,DRUSEN,1924,38.54
NEH,5,DRUSEN,NORMAL,456,9.13
NEH,5,DRUSEN,deferred,2116,42.39
NEH,5,NORMAL,CNV,39,0.45
NEH,5,NORMAL,DME,71,0.83
NEH,5,NORMAL,DRUSEN,69,0.8
NEH,5,NORMAL,NORMAL,4730,55.15
NEH,5,NORMAL,deferred,3668,42.77
NEH,B2,CNV,CNV,2680,82.87
NEH,B2,CNV,DME,9,0.28
NEH,B2,CNV,DRUSEN,10,0.31
NEH,B2,CNV,NORMAL,6,0.19
NEH,B2,CNV,deferred,529,16.36
NEH,B2,DME,CNV,0,
NEH,B2,DME,DME,0,
NEH,B2,DME,DRUSEN,0,
NEH,B2,DME,NORMAL,0,
NEH,B2,DME,deferred,0,
NEH,B2,DRUSEN,CNV,304,6.09
NEH,B2,DRUSEN,DME,4,0.08
NEH,B2,DRUSEN,DRUSEN,863,17.29
NEH,B2,DRUSEN,NORMAL,224,4.49
NEH,B2,DRUSEN,deferred,3597,72.06
NEH,B2,NORMAL,CNV,17,0.2
NEH,B2,NORMAL,DME,11,0.13
NEH,B2,NORMAL,DRUSEN,5,0.06
NEH,B2,NORMAL,NORMAL,3141,36.62
NEH,B2,NORMAL,deferred,5403,62.99
OCTDL-in-label,1,CNV,CNV,702,97.91
OCTDL-in-label,1,CNV,DME,10,1.39
OCTDL-in-label,1,CNV,DRUSEN,2,0.28
OCTDL-in-label,1,CNV,NORMAL,3,0.42
OCTDL-in-label,1,CNV,deferred,0,0.0
OCTDL-in-label,1,DME,CNV,17,11.56
OCTDL-in-label,1,DME,DME,127,86.39
OCTDL-in-label,1,DME,DRUSEN,3,2.04
OCTDL-in-label,1,DME,NORMAL,0,0.0
OCTDL-in-label,1,DME,deferred,0,0.0
OCTDL-in-label,1,DRUSEN,CNV,79,29.7
OCTDL-in-label,1,DRUSEN,DME,1,0.38
OCTDL-in-label,1,DRUSEN,DRUSEN,169,63.53
OCTDL-in-label,1,DRUSEN,NORMAL,17,6.39
OCTDL-in-label,1,DRUSEN,deferred,0,0.0
OCTDL-in-label,1,NORMAL,CNV,2,0.6
OCTDL-in-label,1,NORMAL,DME,2,0.6
OCTDL-in-label,1,NORMAL,DRUSEN,3,0.9
OCTDL-in-label,1,NORMAL,NORMAL,325,97.89
OCTDL-in-label,1,NORMAL,deferred,0,0.0
OCTDL-in-label,2,CNV,CNV,661,92.19
OCTDL-in-label,2,CNV,DME,9,1.26
OCTDL-in-label,2,CNV,DRUSEN,2,0.28
OCTDL-in-label,2,CNV,NORMAL,2,0.28
OCTDL-in-label,2,CNV,deferred,43,6.0
OCTDL-in-label,2,DME,CNV,9,6.12
OCTDL-in-label,2,DME,DME,115,78.23
OCTDL-in-label,2,DME,DRUSEN,1,0.68
OCTDL-in-label,2,DME,NORMAL,0,0.0
OCTDL-in-label,2,DME,deferred,22,14.97
OCTDL-in-label,2,DRUSEN,CNV,58,21.8
OCTDL-in-label,2,DRUSEN,DME,0,0.0
OCTDL-in-label,2,DRUSEN,DRUSEN,162,60.9
OCTDL-in-label,2,DRUSEN,NORMAL,10,3.76
OCTDL-in-label,2,DRUSEN,deferred,36,13.53
OCTDL-in-label,2,NORMAL,CNV,0,0.0
OCTDL-in-label,2,NORMAL,DME,1,0.3
OCTDL-in-label,2,NORMAL,DRUSEN,2,0.6
OCTDL-in-label,2,NORMAL,NORMAL,214,64.46
OCTDL-in-label,2,NORMAL,deferred,115,34.64
OCTDL-in-label,3,CNV,CNV,679,94.7
OCTDL-in-label,3,CNV,DME,0,0.0
OCTDL-in-label,3,CNV,DRUSEN,0,0.0
OCTDL-in-label,3,CNV,NORMAL,1,0.14
OCTDL-in-label,3,CNV,deferred,37,5.16
OCTDL-in-label,3,DME,CNV,4,2.72
OCTDL-in-label,3,DME,DME,74,50.34
OCTDL-in-label,3,DME,DRUSEN,0,0.0
OCTDL-in-label,3,DME,NORMAL,0,0.0
OCTDL-in-label,3,DME,deferred,69,46.94
OCTDL-in-label,3,DRUSEN,CNV,43,16.17
OCTDL-in-label,3,DRUSEN,DME,0,0.0
OCTDL-in-label,3,DRUSEN,DRUSEN,91,34.21
OCTDL-in-label,3,DRUSEN,NORMAL,11,4.14
OCTDL-in-label,3,DRUSEN,deferred,121,45.49
OCTDL-in-label,3,NORMAL,CNV,0,0.0
OCTDL-in-label,3,NORMAL,DME,0,0.0
OCTDL-in-label,3,NORMAL,DRUSEN,0,0.0
OCTDL-in-label,3,NORMAL,NORMAL,283,85.24
OCTDL-in-label,3,NORMAL,deferred,49,14.76
OCTDL-in-label,4,CNV,CNV,686,95.68
OCTDL-in-label,4,CNV,DME,8,1.12
OCTDL-in-label,4,CNV,DRUSEN,2,0.28
OCTDL-in-label,4,CNV,NORMAL,3,0.42
OCTDL-in-label,4,CNV,deferred,18,2.51
OCTDL-in-label,4,DME,CNV,7,4.76
OCTDL-in-label,4,DME,DME,113,76.87
OCTDL-in-label,4,DME,DRUSEN,2,1.36
OCTDL-in-label,4,DME,NORMAL,0,0.0
OCTDL-in-label,4,DME,deferred,25,17.01
OCTDL-in-label,4,DRUSEN,CNV,43,16.17
OCTDL-in-label,4,DRUSEN,DME,1,0.38
OCTDL-in-label,4,DRUSEN,DRUSEN,168,63.16
OCTDL-in-label,4,DRUSEN,NORMAL,10,3.76
OCTDL-in-label,4,DRUSEN,deferred,44,16.54
OCTDL-in-label,4,NORMAL,CNV,2,0.6
OCTDL-in-label,4,NORMAL,DME,2,0.6
OCTDL-in-label,4,NORMAL,DRUSEN,3,0.9
OCTDL-in-label,4,NORMAL,NORMAL,295,88.86
OCTDL-in-label,4,NORMAL,deferred,30,9.04
OCTDL-in-label,5,CNV,CNV,689,96.09
OCTDL-in-label,5,CNV,DME,3,0.42
OCTDL-in-label,5,CNV,DRUSEN,1,0.14
OCTDL-in-label,5,CNV,NORMAL,1,0.14
OCTDL-in-label,5,CNV,deferred,23,3.21
OCTDL-in-label,5,DME,CNV,8,5.44
OCTDL-in-label,5,DME,DME,108,73.47
OCTDL-in-label,5,DME,DRUSEN,1,0.68
OCTDL-in-label,5,DME,NORMAL,0,0.0
OCTDL-in-label,5,DME,deferred,30,20.41
OCTDL-in-label,5,DRUSEN,CNV,50,18.8
OCTDL-in-label,5,DRUSEN,DME,0,0.0
OCTDL-in-label,5,DRUSEN,DRUSEN,125,46.99
OCTDL-in-label,5,DRUSEN,NORMAL,11,4.14
OCTDL-in-label,5,DRUSEN,deferred,80,30.08
OCTDL-in-label,5,NORMAL,CNV,0,0.0
OCTDL-in-label,5,NORMAL,DME,1,0.3
OCTDL-in-label,5,NORMAL,DRUSEN,0,0.0
OCTDL-in-label,5,NORMAL,NORMAL,299,90.06
OCTDL-in-label,5,NORMAL,deferred,32,9.64
OCTDL-in-label,B2,CNV,CNV,666,92.89
OCTDL-in-label,B2,CNV,DME,0,0.0
OCTDL-in-label,B2,CNV,DRUSEN,0,0.0
OCTDL-in-label,B2,CNV,NORMAL,1,0.14
OCTDL-in-label,B2,CNV,deferred,50,6.97
OCTDL-in-label,B2,DME,CNV,4,2.72
OCTDL-in-label,B2,DME,DME,42,28.57
OCTDL-in-label,B2,DME,DRUSEN,0,0.0
OCTDL-in-label,B2,DME,NORMAL,0,0.0
OCTDL-in-label,B2,DME,deferred,101,68.71
OCTDL-in-label,B2,DRUSEN,CNV,36,13.53
OCTDL-in-label,B2,DRUSEN,DME,0,0.0
OCTDL-in-label,B2,DRUSEN,DRUSEN,82,30.83
OCTDL-in-label,B2,DRUSEN,NORMAL,9,3.38
OCTDL-in-label,B2,DRUSEN,deferred,139,52.26
OCTDL-in-label,B2,NORMAL,CNV,0,0.0
OCTDL-in-label,B2,NORMAL,DME,0,0.0
OCTDL-in-label,B2,NORMAL,DRUSEN,0,0.0
OCTDL-in-label,B2,NORMAL,NORMAL,265,79.82
OCTDL-in-label,B2,NORMAL,deferred,67,20.18
